{
    "data" : {
        "light" : {
            "id": "T_001",
            "name": "Light",
            "colors": {
                "nav": "#0162e8",
                "body": "#ecf0fa",
                "sidenav" : "#1552a7",
                "text": "#fff",
                "button": {
                    "text": "#FFFFFF",
                    "background": "#000000"
                },
                "link": {
                    "text": "teal",
                    "opacity": 1
                }
            },
            "font": "Roboto"
        },
        "dark" : {
            "id": "T_002",
            "name": "Dark",
            "colors": {
                "nav": "#1f2940",
                "body": "#141b2d",
                "sidenav" : "#1f2940",
                "card":"#1f2940",
                "cardtext":"#fff",
                "text": "#FFFFFF",
                "button": {
                    "text": "#000000",
                    "background": "#FFFFFF"
                },
                "link": {
                    "text": "teal",
                    "opacity": 1
                }
            },
            "font": "Roboto"
        },
        "material" : {
            "id": "T_003",
            "name": "Material",
            "colors": {
                "nav": "#54e2b7",
                "body": "#fafafa",
                "sidenav" : "#034833",
                "text": "#fff",
                "button": {
                    "text": "#6a1b9a",
                    "background": "#ebdbf5"
                },
                "link": {
                    "text": "#ebdbf5",
                    "opacity": 0.8
                }
            },
            "font": "Roboto"
        },
        "sharp" : {
            "id": "T_004",
            "name": "Sharp",
            "colors": {
                "nav": "#f48fb1",
                "body": "#f6f7fb",
                "sidenav" : "#2a031e",
                "text": "#fff",
                "button": {
                    "text": "#FFFFFF",
                    "background": "#292500"
                },
                "link": {
                    "text": "#292500",
                    "opacity": 0.8
                }
            },
            "font": "Roboto"
        },
        "calm" : {
            "id": "T_005",
            "name": "Calm",
            "colors": {
                "nav": "#f09819",
                "body": "#fff",
                "sidenav" : "#463011",
                "text": "#fff",
                "button": {
                    "text": "#FFFFFF",
                    "background": "#002b24"
                },
                "link": {
                    "text": "#002b24",
                    "opacity": 0.8
                }
            },
            "font": "Roboto"
        },
        "cherryBonBon" : {
            "id": "T_006",
            "name": "Cherry Bon Bon",
            "colors": {
                "nav": "#cf3a3a",
                "body": "#fff",
                "sidenav" : "#62060f",
                "text": "#fff",
                "button": {
                    "text": "#c62828",
                    "background": "#ffeeed"
                },
                "link": {
                    "text": "#ffeeed",
                    "opacity": 0.8
                }
            },
            "font": "Roboto"
        }
       
       
    }
}